Index,Company,Job Description
0,Bunzz,"Bunzz is a Smart Contract as a Service in the Web3 space.With its library of smart contract modules, developing a DApp is easier than any other service.And we plan to implement tokenomics, where incentives will be distributed to module developers. This groundbreaking feature has the potential to attract countless valuable smart contracts to Bunzz and grow it into a Github-like service in the Web3 space.And we're looking for a Product Manager.The requirements are as follows

Experience working on at least 5 DApp developments
At least 3 years of engineering experience
Must be able to write solidity
Must be able to speak English

Any race, gender, and region of residence is acceptable.

Bunzz team is waiting for your application."
1,Kalend Finance,"About the Role
We are looking for an experienced protocol developer to join our team, who is excited about our mission to bring Defi primitives to millions of users. They will be responsible for helping the Kalend team in building the most secure, seamless, and high- performance protocol that offers our customers an easy-to-use application for lending and borrowing in the Kadena ecosystem.
This is one of Kalend‚Äôs early hires and a unique opportunity to drive deep impact and shape one of the most anticipated startups building the future of finance. Join a talented team of builders passionate about helping investors across all levels weathers the storms of crypto Nearly uncapped upward mobility, room for improvement, and increased accountability. The team behind this initiative consists of the serial entrepreneurs from Stanford Blockchain Network, ex-Apple, and ex-Google engineers. We are growing at a breakneck pace and are looking for hungry and humble builders to join us.
Responsibilities
You will work directly with the core team, where your experience will complement our coverage of knowledge of best practices in designing mainnet deployments. You‚Äôre mature and experienced in systems design and engineering, and have the right way of thinking about design and implementation challenges. You will be our lead engineer on the protocol and smart contract implementation.
Research and drive high-level decisions about protocol architecture, incentive structures, and features. Spec, implement, test, and audit protocol upgrades and additions. Work effectively with a high degree of autonomy, within a collaboratively minded team. Keep up to date with new blockchain technologies that can drive meaningful product results for our users. Collaborate with the official team at Kadena, including engineering and product management.
Requirements
Bachelor's degree or nothing, we don‚Äôt care about your degree
Experience writing high-quality, well-tested Smart Contract code on any L1 platform.
Knowledge of the blockchain technology, and crypto-economic protocols
Strong communication, ownership, and collaboration skills
The ability to learn and adapt to a rapidly evolving tech stack Passion for the benefits of decentralization
Nice to Haves
Prior development experience with Kadena or Pact/any functional programming language.
Experience in or knowledge of financial markets, trading, and investing
Deep passion for emerging technologies and understanding their implications
Active following on Twitter that brings organic engagement to your posts Existing relationships and networks in the crypto/Defi/NFT space
Benefits
Competitive Salary + Token options
Opportunity to impact the next 100M users in crypto
An open and collaborative work culture with a flat structure Flexible working hours and vacation policy
Talented peers and a great working environment
Kalend Finance focuses on Blockchain / Cryptocurrency. Their company has offices in United States. They have a small team that's between 1-10 employees.
You can view their website at https://www.linkedin.com/company/kalend-finance"
2,Matter Product Studio,"What you'll be doing Dynamic client-based work utilizing a wide variety of frameworks. Client work could include launching a mobile product, supporting existing complex applications, and working alongside an existing engineering team in co-development. We currently have a maximum of 3-4 projects per engineer, depending on the needs of each client.
Work on a team to architect, build and maintain web3, web2 and mobile software applications for Matter‚Äôs clients.
Integrate web3 projects with web2 interfaces either directly, or through development tooling like ThirdWeb
Share responsibility for reviewing pull requests to ensure code quality and applications are maintainable, secure and scalable.
Write unit and integration tests as needed.
Assist product managers with technical ticket requirements and story point estimates as needed.
Qualifications
4+ years of professional software development experience
1+ years of experience with a Rust, Anchor or Solidity
Previous practical application of a smart contracts - or integration between web2 and web3 platforms - is a plus
An understanding of software development best practices and a commitment to following them.
Ability to effectively communicate via written and spoken English.
Availability to work 40 hours per week.
What‚Äôs in it for you: Fully remote organization. Unlimited PTO. Qualified QSE Plan for Health Care, applicable to medical, dental, and vision. Flexible work schedule. Wellness Benefit. Commuter Benefit."
3,UMA,"Our mission is to make markets universally fair and accessible.
Who is UMA?
We are a team, driven by a shared belief that markets should be universally accessible. Our goal is to enable anyone to attain or transfer any form of financial risk, thus empowering everyone to participate in a universally accessible financial system. We have built an optimistic oracle for web3, and are building a robust ecosystem around that core solution. Our growing team is relatively small but incredibly mighty, and strives to be an engaging leader in the DeFi community. 
Where are we headed: 
We‚Äôre building foundational infrastructure for web3 and developing high quality products to showcase this.
Our road-map is robust, and with an iterative and continuous development philosophy, we‚Äôre always building.
We‚Äôre a global team that values diverse perspectives and top tier talent. We‚Äôre growing internationally with the support of top tier investors and advisors.
Where do you fit in?
We're looking for a Senior Smart Contract Engineer to join our team. You'll have an opportunity to work across our entire Ethereum-based web3 stack on cutting-edge technology that reshapes the global financial system.
Our tech stack: Solidity, ethers, hardhat, Typescript, Javascript, Node.js, web3, React
Responsibilities 
Protocol Architecture: Research and develop protocol upgrades and new financial concepts.
Smart Contracts:Implement designs with a focus on security, simplicity, ease of use, and gas-efficiency.
Code Review and Mentorship: Write code in a highly collaborative open source ecosystem. In depth reviews of others‚Äô contributions is expected with a focus on helping others grow their technical expertise.
Bots: write off-chain code to interact with and manage smart contracts. Bot systems should have a high degree of correctness, efficiency, and antifragility.
Skills and Qualifications
2+ years full-time experience in Engineering at a software or financial services technology organization
1+ years full-time experience working in solidity or other compiled language
Demonstrated ability to learn new tech and write secure and high quality code
Passion for blockchain technology, cryptoeconomic protocol design, game theory, or decentralized finance
Our values:
1) We value each individual‚Äôs right to economic freedom
2) We value openness, honesty, and directness.
3) We value integrity.
4) We value iterative learning.
5) We value taking smart risks. We value creating an environment where everyone ‚Äúdoes their best work‚Äù. 
Compensation: 
UMA's pay packages include competitive salaries & substantial token options. Salaries range from $100-200K and your token allocation can grow with your voting rewards while you participate in the growing ecosystem.
Philosophies for a culture that show we care: Take vacation when you need it, family care, training and development (just to name a few)
100% remote, which means we encourage you to create the work environment that you thrive in.
Still want to know more?
-Our team at UMA blends a mix of highly-sought engineers, developers and community builders with a traditional finance pedigree. Our fast-growing team includes a diverse background of experiences and has drawn talent from Google, Ernst & Young, IBM and Goldman Sachs. We‚Äôre a decentralized protocol governed by community members across the globe in a DAO, and supported by Risk Labs Foundation. 
-We value economic freedom, integrity, and taking smart risks. You‚Äôll succeed at UMA if you‚Äôre a self-starter, kind, adaptable, and passionate about building impactful tools to make finance more equitable. 
-UMA is a remote-first international team and we support everyone to create an environment where they can do their best work. UMA teammates take the time off that they need and support each other to create an environment where they are happy, healthy, and inspired. We pride ourselves on being family-friendly as well as nomad-friendly.
-You will not get bored at UMA. The OO empowers unlimited ideas, products, services and protocols. We are constantly developing, building, experimenting and evolving.
Risk Labs is the employing entity and is an equal opportunity employer. We value diversity at our company and do not discriminate on the basis of race, religion, color, national origin, gender, sexual orientation, age, marital status, veteran status, or disability status.
UMA focuses on Open Source, Finance, Finance Technology, Software Engineering, and Fin Tech. Their company has offices in Remote. They have a small team that's between 11-50 employees.
You can view their website at http://www.umaproject.org or find them on Twitter and LinkedIn."
4,Tapioca,"The RoleThis role as a Core Engineer will have the primary accountability of designing, implementing, deploying, and supporting TapiocaDAO's Solidity smart contracts with the Tapioca team and its associated projects. Currently, the engineering team is working on TapiocaDAO, a DAO governed LayerZero money market based on Sushiswap's Bentobox (Yieldbox) & Kashi lending technologies which Tapioca has licensed from BoringCrypto. Tapioca is unlike many DeFi startups in that engineers have the freedom to build whatever they desire within the scope of lending/borrowing. TapiocaDAO is only the first in an ecosystem of protocols Tapioca will produce over the next 4 years.Responsibilities
Implementing the core TapiocaDAO protocol and associated functionality (such as CurveDAO contracts).
Integrating LayerZero & Gelato Network functionalities
Maintaining deployed technologies, fixing bugs, and identifying improvements to the protocol for the future
Ideal Candidate
Experience building software in the Solidity programming language
Can autonomously work when given directives by the CTO
Deeply passionate about DeFi and driven to build the future
Team player
Strong communication skills
Familiarity with Gelato & LayerZero infrastructure
Deep EVM Knowledge
Knowledge of CurveDAO contracts
Experience with Typescript, Hardhat, Ether.js
Ability to communicate in EST hours
Able to commit to a long-term (2+ year) working relationship



About Tapioca
Tapioca is a DeFi startup technology company based in New York with a remote staff. Tapioca has been in operation since December 2021, and has successfully gained major traction in this short period of time.
Tapioca's technical leadership includes 0xRektora (Sadek Mendi), and other established developers.Why work at Tapioca?
New exciting startup that's growing fast that you can leave a large and lasting impact on
Ability to work on licensed SushiSwap smart contracts such as Kashi that only SushiSwap & Abracadabra have licensed besides Tapioca, and other cutting-edge technologies
Fully remote company, with team members in New York, Canada, and Europe
Deeply passionate and driven leadership working around the clock for success
Team-oriented with a long-term vision

What We Offer

Top-of-the-scale salaries for the best of the best
Team Token Allocation
Bonuses
Creative & Professional freedom
Professional Growth with the company
Ability to work with a talented and driven team


Application Process

Step 1: Fill out the form below (or email).

Step 2: We will contact you to schedule a Solidity test with our lead dev to gauge not only your skills but ingenuity.¬†

Step 3: If you pass the test, we will conduct a short video interview with our CTO/lead developer & COO

Step 4: Upon completion of the interview, you'll begin a 2-week probationary period working with the team (you will be compensated at your annual salary rate for time put in). This is to see how well you take assignments and work with the team.

Step 5: After the probationary period, you'll be fully onboarded onto the team and given a contract, or the hiring process ends and we mutually part ways.


Got what it takes?Email [email¬†protected] (include your Github, Resume, and Telegram username) OR fill out the formFor more info: y.at/üçµüï≥Ô∏èüçµ & https://docsend.com/view/s/wvfkg4kxbw57wyet"
5,InterOpera,"About InterOperaInterOpera is a Singapore-based fintech that develops and implements blockchain technology to provide the infrastructure needed for digitalization of capital markets products, by focusing on inter-chain bridging and interoperability across blockchain platforms. Shareable Assets Pte. Ltd. is its wholly-owned subsidiary operating under a capital markets services license from the MAS.To date, we have raised USD 9 million led by Korea Investment Partners. Among other investors, we are backed by Vertex Ventures and Kakao Investments.What we are building: Ultimate Bridge of Capital MarketsInterOpera is building an interoperable layer 1 network using proprietary RDOS (Regulated Defi Operating System) to directly interconnect investors. RDOS is a PaaS (Platform-as-a-Service) product of the interoperable blockchain infrastructure for capital markets participants (Governments, Financial Institutions, and Investors). RDOS acts as a gateway to unlock and enable blockchain-based efficiency within the current regulatory and securitization framework via smart contracts. As the ultimate middle-layer product for market participants, RDOS improves efficiency for participants without sacrificing investor protections; it also future-proofs the same market operators and participants. From inception, RDOS enhances financial inclusion by: 1) creating true access-to-market 2) enabling legal ownership of tokenized assets, and 3) greatly reducing transaction costs.About the roleAre you interested in creating the future of capital markets by helping to develop interoperable blockchain infrastructure? InterOpera is building an interoperable layer 1 network (bridge/hub chain) which can interconnect both private and public chains.Join our team to develop specialist expertise and help realize the true potential of blockchains and Web 3.0.Your primary focus will be working on the deployment and infrastructure related to Cosmos-based blockchain applications.Details and requirements for this role are described below.¬†Your key responsibilitiesYou will be working in a highly collaborative team providing your expertise to assist in managing the CI/CD pipelines of the development team whilst advising and assisting in the deployment and configuration of production implementation of InterOpera blockchain nodes and products.You will work closely with the development team, product managers and product owners to architect the appropriate infrastructure for the deployment of our applications to major Cloud enterprise providers.You will be responsible for ensuring the infrastructure has been configured in accordance with InterOpera and clients‚Äô information security controls and protocols, privacy and policies or specified requirements.You will also be responsible for creating appropriate dashboards, log management, backup and monitoring systems to facilitate the maintenance and management of software deployed and any integration with the InterOpera infrastructure.For deployments, you will be responsible for ensuring deliverables are delivered on-time, according to scope and in-spec; and establish performance and benchmarks as required.You will work in an Agile environment using modern Cloud and web/application tools such as docker, Kubernetes, helm, terraform etc.You will be expected, within a short ramp-up period, to make major contributions to the product and development team specifically, with respect to the usage and deployment of following technologies:
Docker/Kubernetes/Bash/Linux
NoSql & SQL (MongoDb/Postgres)
Graphql
Kafka/Zookeeper
Ethereum Clients (Geth, Besu, Erigon ..)
Cosmos SDK / Golang
Nginx¬†
To qualify for the role you must havePrevious experience as an application developer (5+ years)You have experience with microservice, event driven architecture and in the implementation of prudent design and architecture principles to enhance product-scalability and extensibility.Experience with:
Kubernetes/Docker/Helm - ideally you should have sufficient experience with K8s (and should have passed or should be able to pass linux foundation certification as any and/or all of CKA/CKAD/CKS certification)
CI/CD Pipelines
Apache Kafka/Rabbit MQ
Deployment of databases such as Postgresql/Mongodb
Active Directory and Other External Oauth providers
Nice to have:
Experience with architecting SaaS and PaaS applications
Blockchain deployment experience
Terraform
Hashicorp
Knowledge and experience deploying production applications with major cloud providers such as Azure, AWS, and GCP¬†
Skills and attributes for successYou must be able to work independently and autonomously with strategic guidance or direction. At the same time, being collaborative, you will reach out to teammates and other technology specialists as you see the opportunity to move the projects forward. You understand that being a highly skilled developer you are continuously learning and exploring new tools and technologies.You know how to work effectively in a remote environment, but when circumstances permit, you have no difficulty working in the company's offices several days a week as the collaboration requires.
You enjoy mentoring and coaching.
You have side projects and/or direct experience working with blockchains and have a good understanding of the principles of cryptography, consensus, and blockchain design.
You have extensive experience with open-source software.
You have an undergraduate university or college degree in computer science or a related discipline.
You have sample code available and or a github repo that highlights your coding /scripting capabilities.¬†
What we look forWe're interested in passionate leaders with a strong vision and a desire to stay on top of trends in the technology space. If you have a strong passion for helping businesses achieve their IT strategy, this role is for you.
LocationThis is an in-office role based in Singapore. Applicants are required to relocate for this position.How to reach us
Check our our website https://www.interopera.co/ or email us at [email¬†protected]¬†Read about what we do!https://singaporeglobalnetwork.gov.sg/stories/tech/how-regulated-defi-will-ensure-financial-inclusion/And our collaboration with BIS Innovation Hub and the Hong Kong Monetary Authority (HKMA) on green bond tokenizationhttps://www.bis.org/publ/othp43_report2.pdf"
6,InterOpera,"About InterOperaInterOpera is a Singapore-based fintech that develops and implements blockchain technology to provide the infrastructure needed for digitalization of capital markets products, by focusing on inter-chain bridging and interoperability across blockchain platforms. Shareable Assets Pte. Ltd. is its wholly-owned subsidiary operating under a capital markets services license from the MAS.¬†To date, we have raised USD 9 million led by Korea Investment Partners. Among other investors, we are backed by Vertex Ventures and Kakao Investments.¬†What we are building: Ultimate Bridge of Capital MarketsInterOpera is building an interoperable layer 1 network using proprietary RDOS (Regulated Defi Operating System) to directly interconnect investors. RDOS is a PaaS (Platform-as-a-Service) product of the interoperable blockchain infrastructure for capital markets participants (Governments, Financial Institutions, and Investors). RDOS acts as a gateway to unlock and enable blockchain-based efficiency within the current regulatory and securitization framework via smart contracts. As the ultimate middle-layer product for market participants, RDOS improves efficiency for participants of the existing system without sacrificing investor protections. RDOS contributes to financial inclusion by: 1) enhancing market accessibility, 2) enabling legal ownership of tokenized assets, and 3) reducing transaction costs in the long run.

About the roleAre you interested in creating the future of capital markets through interoperable blockchain infrastructure? InterOpera is building an interoperable layer 1 network (bridge/hub chain) which can interconnect both private and public chains.¬†Join our team and have a new developer experience in building the interoperable layer 1 network in order to realize the true potential of blockchains and Web 3.0.Your primary focus will be to work on the deployment and infrastructure related to Cosmos-based blockchain applications.¬†The position and requirements for this position are described below.¬†
Requirements

Exceptional ability to keep things organized during the development of complex projects with a distributed team
Proficiency in Rust and CosmWasm
Deep understanding of Blockchain technology and Ethereum in particular
Knowledge of the Ethereum virtual machine
Experience working in critical infrastructure systems, i.e blockchain
Self-motivation and ability to fully own tasks
Fast learner with a natural curiosity
Clear ability and willingness to hustle and get things done
Extreme ownership mentality - ability to take extreme ownership and full responsibility of tasks and projects
Passionate about blockchain technology
Able to provide valuable feedback and input during meetings
Professionalism and quality in work ethic
Staying committed to weekly assignments and being able to follow through

Nice to have

Strong understanding of Ethereum smart contracts and best practices
Experience implementing complex Ethereum contracts in Solidity
Familiarity with Cosmos
Previous experience in the blockchain industry, particularly around Cosmos, Ethereum, Binance Smart Chain, or Solana ecosystems
Basic knowledge of Javascript
Basic knowledge of cryptography
Responsibilities
Overseeing the release process of the Hub
Follow EIPs (Ethereum Improvement Protocols) from Ethereum and implement them into the engine
Maintenance of the InterOpera Hub
Maintenance of documentation, product knowledge base, and on-call handbook
Supporting the interaction between the InterOpera Hub and other teams
Working with the open-source community by collaborating with external contributors on our codebase, creating and participating in events, facilitating information exchange between our community and other open source communities
Communication and collaboration with a fully distributed team
Collaborate with Ethereum and being active in the Ethereum engineering forums
Skills and attributes for successYou must be able to work independently and with little direction, with the ability to reach out to teammates and other technology specialists when required. You understand that being a highly skilled developer you are continuously learning and exploring new tools and technologies.You know how to work effectively in a remote environment, but when circumstances permit you would have no problem working in the company's offices several days a week as circumstances require.
You enjoy mentoring and coaching.
You have side projects and/or direct experience working with blockchains and have a good understanding of the principles of cryptography, consensus, and blockchain design.
You have extensive experience with open-source software.
You have an undergraduate university or college degree in computer science or a related discipline.
You have sample code available and or a github repo that highlights your coding /scripting capabilities.¬†

LocationThis is an in-office role based in Singapore. Applicants are required to relocate for this position.

How to reach us
Check our our website https://www.interopera.co/ or email us at [email¬†protected]¬†Read about what we do!https://singaporeglobalnetwork.gov.sg/stories/tech/how-regulated-defi-will-ensure-financial-inclusion/And our collaboration with BIS Innovation Hub and the Hong Kong Monetary Authority (HKMA) on green bond tokenizationhttps://www.bis.org/publ/othp43_report2.pdf"
7,Rand Labs,"Job Overview:
Smart Contract development at Randlabs is very different from other companies working on other blockchains. As a Smart Contract Engineer, you will develop applications using Transaction Execution Approval Language (TEAL). This activity will demand the maximum problem-solving skills and will surely overheat your brain once in a while. If you are looking to challenge yourself to solve complex problems while building the future of finance, this might be the right place for you. In this role, you can work from anywhere in the world.
¬†
Skills & Requirements:
+3 years of software development
+1 Smart contract development in Solidity or any other blockchain
Experience in Software security
English¬†or Spanish (or both)
Nice to haves:
PyTEAL/TEAL experience in Algorand
Natural talent at reverse-engineering
Strong experience with low-level programming languages
Experience with assembler/assembly languages
Experience building driver
Math competition awards
Location: Remote"
8,QuillHash Technologies,"Quillhash Technologies is a pioneer in developing enterprise-grade Blockchain solutions. We help traditional businesses become more efficient, streamlined, creative, and innovative by helping them realize the potential of the latest tech - Blockchain, AI, and IoT.
We are looking for passionate smart contract auditor interns who will review smart contracts and decentralized applications for security vulnerabilities within the web3 ecosystem. Under this role, you will work with the QuillAudits team, a product by QuillHash to provide cybersecurity solutions to crypto projects and start-ups. As a result of our industry-leading and quality assuring services, we have helped 400+ projects to eliminate serious security threats and have secured $15B+ in total value locked.
https://audits.quillhash.com/
What you will do:
Review the code (primarily solidity contracts) of blockchain projects.
Identify vulnerabilities, design and architectural flaws, quality improvement, and ways to mitigate future risk.
Write clear and concise reports and ‚Äúaction-steps‚Äù for developers to quickly mitigate and fix any issues discovered
Provide insights in establishing best practices for security culture within the industry.
Interact with developers, and key stakeholders when identifying and handling security issues
What we are looking for:
A deep understanding of the EVM, the ETH Yellow Paper, & EVM OP_Codes
Fluency in Solidity
Experience with security CTFs, like Ethernaut, Damn Vulnerable Defi etc and Development environments like Hardhat, Truffle, etc.
Comprehensive Knowledge of Javascript OR Python is required.
Knowledge of deFi , NFT protocols .
Understanding of Smart Contract Security Principles
Why we are awesome:
Work from Home friendly and Remote working.
Professional and Personal Development.
Fitness and online course allowances.
Company Events.
5-day workdays.
Competitive Performance Bonuses.
One of the pioneer companies in the blockchain space.
Working with professionals in the heart of the blockchain industry.
Dynamic startup environment, you will learn a lot of things.
Flat organization structure with an opportunity to work very closely with the founder.
QuillHash Technologies focuses on Healthcare, Loyalty Programs, Supply Chain Management, Insurance, and Blockchains. Their company has offices in Singapore, United Kingdom, and Gurgaon. They have a small team that's between 11-50 employees.
You can view their website at https://www.quillhash.com or find them on Twitter, Facebook, LinkedIn, and Product Hunt."
9,Composable Finance,"At Composable Finance we are at the forefront of Crypto, building robust cross-chain & cross-layer infrastructure to allow the future of DeFi where almost any asset or contract can seamlessly interoperate.After 32mil Series A we're now looking for a Team Lead/Snr with proven Substrate Rust experience, who wants to lead or join a highly technical team with deep knowledge of DeFi and take it to the next level.ResponsibilitiesIf you join this role you will be able to:
Lead a development team focused on building a parachain.¬†
Be hands-on in development.
Manage a team of Substrate Rust developers.
Sync with Ethereum developers building other things in the space.
Requirements & skillsWe are looking for someone that:
Has proven leadership or management experience.
Is an experienced Substrate Rust developer.
Understands decentralized, high-performance systems.
Can analyze and optimize the platform‚Äôs performance.
Has experience with security audits of third-party and internal solutions.
Is interested in the Polkadot ecosystem.
Has the ability to design, research and develop blockchain-based solutions.
Understands how to improve engineering standards, tooling, and processes.
Nice to have
Substantial experience.
Familiarity with DeFi such as yearn and curve.
Ability to design algorithms and mathematical models.
Perks
Competitive Crypto payments, all made in USDC.¬†
100% remote work. No geographic restrictions.¬†
An entrepreneurial environment that encourages innovation and facilitates the growth of cutting-edge technology.¬†
The ability to work as an independent contractor: We treat you as your own agent and support you accordingly!
Annual Working Equipment Allowance.
Monthly Gym & Fitness Bonus
Paid Absence Days
Global WeWork membership, with access to more than 600 locations worldwide.
Annual personal development funding to facilitate career development
Diversity & Inclusion: A company commitment to equal opportunity. We do not condone discrimination on the premise of race, color, religion, sexual orientation, age, gender identity or expression."
10,Frontier,"Intro:
Join our team and work directly with the founders to build the future of Automation for the upcoming decentralized web. Enjoy a lot of perks, travel with us to cool events and participate in amazing off-side retreats with the team!
Participate in creating the most sophisticated crypto bot network ever created by designing the smart contracts that will rule them all!
We are a fully remote team and although we hire globally.
What we offer:
A fully remote team with team members in Zug, Paris, New York, Berlin, and many other cool places
Join the ‚ÄúGelato Legendary Member Club‚Äù and work directly with the founders
Participate in building the infrastructure that aims to become the glue between all crypto networks and power the most promising dapps on Ethereum and beyond
Generous Token Package - Get a share of the network‚Äôs token and be able to participate in the Gelato DAO
Chance to participate in shaping the future of web3 by working together with the biggest projects in this space, such as MakerDAO, Connext, Quickswap, etc.
Worldclass Investors - We are backed by top class VCs and Angels including Dragonfly, Galaxy Digital, ParaFi, Gnosis, Stani Kulechov and many more!
Requirements:
Experience in writing smart contracts in solidity
Experience with web3 libraries (ethers.js, web3.js) - preferably ethers.js
Experience with testing your code locally and on ethereum test networks
Experience with the hardhat development environment
Experience deploying contracts to production environments like mainnet or polygon
Experience with writing subgraphs for indexing contract data
Experience using dapps like Uniswap, Aave, or Maker.
You can work with high autonomy
Strong written and verbal communication skills
Bonus:
Knowledge about the inner workings of the EVM
Mathematics & Finance Background
Experience in building and running bots that interact with smart contracts on Ethereum
Knowledge about Ethereum Client & Mining software
Front-end experience, building dApps on existing smart contracts
Technologies we use and teach:
Solidity
Node.js
Typescript
Javascript
Ethers.js
Hardhat
React
Frontier focuses on Blockchains. Their company has offices in United Kingdom. They have a small team that's between 11-50 employees.
You can view their website at https://fr0ntierx.com"
11,Parity Technologies,"About Parity
Parity Technologies builds core infrastructure for blockchains and Web 3.0 technologies. This means dealing with P2P networking, consensus algorithms, cryptography, databases, and decentralized applications. We strive to write the fastest, lightest, and safest core technology in Blockchain and write lots of open-source code.¬†
Parity works in a very flat hierarchy with lots of autonomy and high levels of personal responsibility, and we try to mimic an open-source workflow in much of what we do. We have an older article on our blog about our development practices which you may want to read.
¬†
About the position:
For this role you will be mostly working on Parity‚Äôs ink! ‚Äí a domain-specific language to write smart contracts in Rust for blockchains built on the Substrate framework. ink! Is an opinionated way of how we think writing smart contracts in Rust should be done. Rust has great support for WebAssembly and we make use of this by compiling ink! smart contracts to WebAssembly.
Besides the developer experience with ink! a number of other hard challenges exist. One of those is that we are constantly optimising our contracts so that they are compiled to as-small-as-possible WebAssembly blobs ‚Äí this is important for e.g. gas fees and transaction throughput. There is a lot of room for innovation and we‚Äôre trying hard to stay ahead of our competition.
Improving performance, integrating XCM, and most importantly, getting WebAssembly smart contracts on par with the Solidity ecosystem are some of the things on our roadmap.
You will be working with the ink! team and have a close collaboration with the people working on Substrate‚Äôs contracts module, as well as the Contracts UI ‚Äí a web application to deploy and interact with smart contracts.
We are a fast moving team, some of us are living in Berlin, but we‚Äôre primarily remote. We have regular team retreats in nice locations to discuss technical challenges, do hackathons, and socialise. It‚Äôs important to us that we‚Äôre all having fun along the way and we‚Äôre a humorous bunch.
To us It‚Äôs important to us that you‚Äôre ‚Äúhungry‚Äù and passionate. We are primarily developers, but besides that we engage with the community, talk to teams building with ink!, answer questions in our StackExchange community, provide and maintain our own documentation and tutorials, as well as giving talks and workshops. That‚Äôs something we would like to see from you as well.¬†
If your prior role was as a Solidity developer or in a Developer Relations role and you‚Äôre thinking of doing more Rust ‚Äí this role might be just the job you have been looking for.
¬†
Requirements:
Experience with Rust.
Familiarity with the Rust ecosystem.
Knowledge of Bitcoin, Ethereum or other blockchain technologies.
An interest in decentralized technology and Web 3.
Nice to have:
Deep knowledge in one of the following areas is especially appreciated.
Knowledge of Solidity or other smart contract programming languages.
Experience implementing decentralized applications (Dapps), including ‚ÄúLayer 1‚Äù and ‚ÄúLayer 2‚Äù approaches..
Benefits:
Competitive salaries and benefits.
Opportunity to become an expert in the latest blockchain technologies.
Working at Parity means focusing on stuff that matters: building cutting-edge technology for a better and more decentralized internet. Our teams enjoy a high degree of freedom and autonomy to achieve that goal.
Because we value initiative and learning, we've defined a generous personal improvement budget to attend conferences or skills courses of your own choosing. We think you know what's best for you!
Parity is a diverse company with people from various countries and we will support you with German or English language courses where needed (and desired).
We have a remote-friendly company setup.
Bringing the team together is something we value a lot and we have regular company retreats (or will have, pending the Covid pandemic).
Not a perfect match to our requirements? We're happy to receive your application anyways and hear how you think you can help us achieve our mission.
To see how we use your data please see our Applicant Notice."
12,Gelato Network,"Intro:
Join our team and work directly with the founders to build the future of Automation for the upcoming decentralized web. Enjoy a lot of perks, travel with us to cool events and participate in amazing off-side retreats with the team!
Participate in creating the most sophisticated crypto bot network ever created by designing the smart contracts that will rule them all!
We are a fully remote team and although we hire globally, there is a strong preference for this role to be based in Central Europe.
Watch a short summary
What we offer:
A fully remote team with team members in Zug, Paris, New York, Berlin, and many other cool places
Join the ""Gelato Legendary Member Club"" and work directly with the founders
Participate in building the infrastructure that aims to become the glue between all crypto networks and power the most promising dapps on Ethereum and beyond
Generous Token Package - Get a share of the network's token and be able to participate in the Gelato DAO
Chance to participate in shaping the future of web3 by working together with the biggest projects in this space, such as MakerDAO, Connext, Quickswap, etc.
Worldclass Investors - We are backed by top class VCs and Angels including Dragonfly, Galaxy Digital, ParaFi, Gnosis, Stani Kulechov and many more!
Requirements
Experience in writing smart contracts in solidity
Experience with web3 libraries (ethers.js, web3.js) - preferably ethers.js
Experience with testing your code locally and on ethereum test networks
Experience with the hardhat development environment
Experience deploying contracts to production environments like mainnet or polygon
Experience with writing subgraphs for indexing contract data
Experience using dapps like Uniswap, Aave, or Maker.
You can work with high autonomy
Strong written and verbal communication skills
Bonus:
Knowledge about the inner workings of the EVM
Mathematics & Finance Background
Experience in building and running bots that interact with smart contracts on Ethereum
Knowledge about Ethereum Client & Mining software
Front-end experience, building dApps on existing smart contracts
Technologies we use and teach:
Solidity
Node.js
Typescript
Javascript
Ethers.js
Hardhat
React
Benefits
Unlimited holiday (yes you heard that right!)
Work very autonomously
Generous GEL token package
Competitive Salary
Work together with one of the best technical teams on Ethereum
Build relationships with top blockchain teams which are already Gelato users, including MakerDAO, Instadapp, Zerion, Quickswap and many more
Chance to travel the world to go to exciting events and connect with key players in this industry
Join amazing in-person offsites all over the world
Gelato Network focuses on Blockchain / Cryptocurrency. Their company has offices in Zug and Remote. They have a small team that's between 11-50 employees.
You can view their website at https://gelato.network/ or find them on Twitter."
13,Node Guardians,"Mission
Design and develop quests and missions for intermediate to advanced solidity developers. You possess the mindset and behavior of an engineer.
Collaborate cross-functionally with everyone
Find the right balance between progress (i.e. shipping quickly) and perfection (i.e. measuring twice).
Works at a rapid pace with a large amount of ownership and autonomy
You‚Äôll help us to think about how to create web3 connected, powerful user experiences for our growing community
Your Profile
Ideally, previous production-level smart contract experience
Fast learner
Track record of high quality, well-crafted code that has been used in production environments.
You bring in strong communication skills in English (written and spoken)
Good knowledge of Solidity development patterns and best practice
Experience with smart contract development tools and frameworks
Ability to apply high quality testing standards and good documentation practices
You‚Äôve spent your teenage years on Age of Empires II
Solid understanding of EVM
Good grasp of software engineering principles
Pragmatic and autonomous
You don‚Äôt meet all the requirements? Don‚Äôt sweat it, we are constantly looking for talent with passion, grit and integrity. You are encouraged to apply even if your experience doesn‚Äôt precisely match the job description. Your skills and drive will stand out and set you apart.
If this sounds like an environment you would thrive in, please send your cover letter demonstrating why you would succeed in this role and current CV to us at [email¬†protected]
Node Guardians values your time hence our interview cycle is concise & respectful :)
Node Guardians focuses on Blockchain / Cryptocurrency. Their company has offices in Dubai and Remote. They have a small team that's between 1-10 employees.
You can view their website at https://twitter.com/nodeguardians"
14,Mirana,"Responsibilities Participate in backend projects based on DeFi projects Participate in the innovation and research and development of DeFi projects Participate in research and survey of blockchain forward-looking projects and fields Planning architecture for smart contracts with optimization patterns and data structures for blockchain environment. Developing new and engineering smart contracts for financial protocols on Ethereum blockchain Bachelor's degree in Computer Science, Engineering or similar experience Self-study / research in relevant projects will would be advantageous for this role, minor training & guidance will be provided. Prior experience in blockchain, finance, banking, consultancy or forex trading is an additional advantageous Have research and understanding of basic public chain projects (Ethereum/Solana/Cosmos/Rust) etc. In-depth understanding of Ethereum smart contract solidity and its development framework, truffle, hardhat Familiar with the principles of mainstream DeFi protocols ( uniswap v2/v3/compound/aave ) Good to have backend frameworks ( express, nestjs, typeorm etc. ) skills. Possess good learning ability, communication ability and analytical problem solving ability. What you can expect: Fast-paced, result-oriented environment Exposure to the latest market insights Supportive team and open culture Competitive Remuneration Regular Team Bonding Energetic & Fun Environment Flexi Working Hour Overtime Meal & Transport"
15,Gelato Network,"Intro:
Join our team and work directly with the founders to build the future of Automation for the upcoming decentralized web. Enjoy a lot of perks, travel with us to cool events and participate in amazing off-side retreats with the team!
Participate in creating the most sophisticated crypto bot network ever created by designing the smart contracts that will rule them all!
We are a fully remote team and although we hire globally, there is a strong preference for this role to be based in Central Europe.
Watch a short summary
What we offer:
A fully remote team with team members in Zug, Paris, New York, Berlin, and many other cool places
Join the ""Gelato Legendary Member Club"" and work directly with the founders
Participate in building the infrastructure that aims to become the glue between all crypto networks and power the most promising dapps on Ethereum and beyond
Generous Token Package - Get a share of the network's token and be able to participate in the Gelato DAO
Chance to participate in shaping the future of web3 by working together with the biggest projects in this space, such as MakerDAO, Connext, Quickswap, etc.
Worldclass Investors - We are backed by top class VCs and Angels including Dragonfly, Galaxy Digital, ParaFi, Gnosis, Stani Kulechov and many more!
Requirements
Requirements:
Experience in writing smart contracts in solidity
Experience with web3 libraries (ethers.js, web3.js) - preferably ethers.js
Experience with testing your code locally and on ethereum test networks
Experience with the hardhat development environment
Experience deploying contracts to production environments like mainnet or polygon
Experience with writing subgraphs for indexing contract data
Experience using dapps like Uniswap, Aave, or Maker.
You can work with high autonomy
Strong written and verbal communication skills
Bonus:
Knowledge about the inner workings of the EVM
Mathematics & Finance Background
Experience in building and running bots that interact with smart contracts on Ethereum
Knowledge about Ethereum Client & Mining software
Front-end experience, building dApps on existing smart contracts
Technologies we use and teach:
Solidity
Node.js
Typescript
Javascript
Ethers.js
Hardhat
React
Benefits
Unlimited holiday (yes you heard that right!)
Work very autonomously
Generous GEL token package
Competitive Salary
Work together with one of the best technical teams on Ethereum
Build relationships with top blockchain teams which are already Gelato users, including MakerDAO, Instadapp, Zerion, Quickswap and many more
Chance to travel the world to go to exciting events and connect with key players in this industry
Join amazing in-person offsites all over the world
Gelato Network focuses on Blockchain / Cryptocurrency. Their company has offices in Zug and Remote. They have a small team that's between 11-50 employees.
You can view their website at https://gelato.network/ or find them on Twitter."
16,HEXENS Cyber Security,"Hexens.io is looking for a Smart Contract Auditor to join their team. Hexens.io is a company that provides state-of-the-art cybersecurity services with an essential focus on blockchain. The company solves sophisticated issues for customers with codes containing multimillion assets.
Job responsibilities:
Review smart contracts and analyze security measures
Audit smart contracts following the highest security industry standards
Mentor and educate engineers internally on the security best practices
You are security-minded and aware of the pitfalls of EVM code and vulnerable flows.
Review code (primarily solidity smart contracts) of blockchain projects.
Work to identify vulnerabilities, design and architectural flaws, quality improvement, and ways to mitigate future risk.
Deliver clear and concise reports and ‚Äúaction-items‚Äù for developers to quickly mitigate and fix any issues discovered.
Interact with developers, and key stakeholders when identifying and handling security issues.
Other related responsibilities.
Required qualifications (optional):
At least 2 years of work experience in cybersecurity
Experience with JavaScript/TypeScript
Demonstrated expertise with Solidity, EVM and blockchain specifics.
Experience assessing smart contract security risks.
Experience with unit and integration testing.
Experience with hardhat and geth or other development frameworks and local environments.
Fuzzing and formal verification.
Experience developing and building on DeFi protocols and smart contracts is a big plus.
Proactive problem solver.
Benefits:
Possibility to work alongside industry-leading specialists.
Highly competitive salary.
Corporate lunches.
Great work environment.
Relocation package to Yerevan, Armenia.
To apply to this position, please send your CVs to [email¬†protected] including the position title ‚ÄúSmart Contract Auditor‚Äù in the subject line.
HEXENS Cyber Security focuses on Cyber Security and Blockchain / Cryptocurrency. Their company has offices in London. They have a small team that's between 11-50 employees.
You can view their website at https://hexens.io"
17,Least Authority TFA GmbH,"We‚Äôre looking for a Senior Smart Contracts Security Researcher & Engineer to join our team.¬†¬†Experience with one or more smart contract languages, including, but not limited to, Solidity, Michelson, Ligo, SmartPy, and Clarity is required, along with familiarity with latest security best practices and knowledge of advancements in related fieldsThis position is to perform security research, analysis and engineering¬† on smart contract projects for our clients, such as analyzing designs, specifications and codebases, along with documenting findings, providing recommendations, and communicating with consulting clients. We work with a variety of ecosystems, including, but not limited to, Ethereum, Tezos, Stacks, and Cosmos.¬†
About Least Authority
Least Authority is committed to building and supporting the development of usable technology solutions and ethical business practices to advance digital security and preserve privacy as a fundamental human right.
As part of our business, we provide security consulting services to help others make their solutions more secure. We support teams from the design phase through the production launch and after through a variety of security consulting services.
Additionally, we develop usable products that advance digital security and protect the privacy of users and contribute to various communities to promote the use of secure systems and privacy-protecting technology.

Why join Least Authority?

We are a remote first company,¬† headquartered in Berlin;
Our team provides flexible working arrangements;
We offer continuous learning¬† opportunities;¬†
We operate based on ethical business practices;
We are a mission-driven company;
We value Diversity & Inclusion; and
We can legally employ our team members from remote and support with relocation to Germany.

The responsibilities for this position include:
Conduct research on software and related technology to look for security issues, with a focus on critical vulnerabilities as known through industry best practices;

Analyze technical designs documentation and specifications for potential security issues, vulnerabilities and other flaws;

Perform manual code reviews and investigate for potential security issues in code repositories and codebases, along with related code comments, tests and dependencies;

Analyze and propose potential mitigation and remediation strategies for security issues found;

Communicate with team members specific security issues and general findings found during research activities;

Design new approaches to security issues in code and systems;

Develop potential solutions, including but not limited to producing documentation, code and other helpful artifacts;¬†

Engineer systems, tools and products, to help with the security of data in transit and at rest, including privacy enhancing technologies;¬†

Develop preventative approaches to help avoid security issues;¬†

Actively participate in project report preparation activities;

Provide these research and engineering activities for both consulting engagements and internal projects;

Work cross-functionally to meet project deadlines and goals;

Participate in team efforts, including meetings, to facilitate collaboration towards shared project and Company goals;

Possess and share knowledge as it relates to current security best practices and industry advancements; and¬†

Anything else as mutually agreed.


The¬† requirements for this position are the following.

2+ years working with one or more smart contract languages, including, but not limited to, Solidity, Michelson, Ligo, SmartPy, and Clarity; and
Familiarity with and interest in the latest security best practices and knowledge of advancements in related fields.¬†


The ideal person for this role has some skills in the following areas:

Distributed & decentralized technologies
Smart contract systems and DeFi concepts and applications
Blockchain, cryptocurrency and Web 3.0 systems
Open source software and development practices
Security research and knowledge sharing to advance best practices
Adversarial scenarios, attack vectors and threat modeling
Privacy Enhancing Tech and secure communications tools
A deep understanding of least one smart contract coding language, with a drive to learn additional ones, such as: Solidity, Michaelson, Ligo, SmartPy, Clarity

Least Authority is an equal opportunity employer. We encourage people from all backgrounds to apply. We are committed to ensuring that our technology is made available and accessible to everyone. All employment decisions are made without regard to race, color, national origin, ancestry, sex, gender, gender identity or expression, sexual orientation, age, genetic information, religion, disability, medical condition, pregnancy, marital status, family status, veteran status, or any other characteristic protected by law."
18,Village Labs,"Come change the world (for real).
We believe the future of commerce is user-owned. It's a future where suppliers, creators, workers, & freelancers own more of the upside of the value they create & pay less to intermediaries.
Say üëã to Village. We‚Äôre building some of the world's most sophisticated L1 blockchain infra & L2 protocols to create a platform for user-owned commerce that'll shape how people buy and sell goods and services on the internet for years to come.We make it easy for any business or supplier group to build and grow user-owned networks. You can think of user-owned networks as fairer and more efficient marketplace platforms without intermediaries. Instead, they use web3 tech so users can transact directly, grow exponentially, and, actually own the platforms they do business on based on the value they contribute.
This is a big deal! User-ownership will bring about a step-change improvement in efficiency that hasn‚Äôt been seen since the early days of the internet.
Our founding team has built SaaS, crypto, eCommerce and marketplace companies, and is backed by some of the world‚Äôs top crypto & venture investors.
We need the best builders in the world to come show us what's possible.

About the Role
You will be one of the first five employees at a mission-driven and fast-growing startup. You are ambitious and hard-working, but you (like us!) also believe in putting people first and having a huge amount of fun while you do your job üòÅ. ¬†
You are a senior engineer with hardcore blockchain development experience, ideally in the Ethereum ecosystem. You also have experience full-stack. You are capable of thought leadership and high-quality code output. You are autonomous and are excited about taking on big, ambiguous problem spaces. You believe in the power of blockchain and Village‚Äôs mission to build a user-owned economy, but you also maintain a healthy skepticism of only building web3 for web3‚Äôs sake alone.¬†
You‚Äôre more than just your code, though. You love building a culture where people love to work! (‚ù§Ô∏è) As one of the first five employees, you‚Äôll be integral to the long-term culture of Village and future employees will rely on you as a role model. You‚Äôll be empathetic, hard-working, passionate, good at giving constructive feedback and, of course, having lots of fun.
What you‚Äôll do
Lead Village's Solidity development for our L1 and L2 blockchain solutions
Support the broader team with ideas and contributions across the whole stack
Design and implement scalable smart contracts in Solidity for on-chain user-owned networks
Develop scalable data pipelines
Ensure high production reliability of our applications by proper tests, logging, and alerting
Guide the early Village technical architecture decisions that will resonate throughout the global economy for years to come ü§Ø¬†
Manage and mentor junior engineers¬†
Partner with cross-functional teams, including product, design, and business development to build products and experiences people can‚Äôt live without
Establish the Village engineering culture‚Äìlive the mission and set a standard¬†
Help the product team craft the team vision, strategy, and roadmap while proposing innovative solutions, as well as understanding technical limitations
Drive key business metrics¬†
Have an inordinate amount of fun
What you‚Äôll bring
8+ years of development experience across frontend, backend, and Solidity
2+ years advanced experience with Solidity and general smart contract development in the Ethereum ecosystem¬†
Successful track record of building and shipping innovative products¬†
Bonus: management, leadership, and hiring experience¬†
Perks
Unlimited paid time off
Medical, dental, and vision
Early and generous employee stock option & token plan
$100 monthly health and wellness benefit¬†
401(k) plan
Work from home flexibility
Paid family leave
Apple products
Drop us a line!We encourage you to drop us a line even if you feel over- or under-qualified. We want to find the best people to help us build this Village no matter who they are. We have a lot of different areas of responsibility and we are always happy to brainstorm with you about what would be the best fit.¬†
Village Labs is an equal opportunity employer. We believe everyone should feel great about being their authentic selves at Village‚Äìthis is the only way to do our best work! We do not discriminate on the basis of race, religion, color, national origin, gender, sexual orientation, age, marital status, veteran status, or disability status. We believe that great employees come from diverse backgrounds."
19,Lab Eleven,"Lab Eleven is an Australian-based web3 company. We are building a small, elite team of Solana engineers and looking for exceptional people at all levels to join us. We embrace the open-source community, we don‚Äôt shy away from complex problems and we make sure to have fun along the way.
üíª What you will do

Work on exciting web3 and blockchain projects
Design, develop, test and deploy smart contracts and backend services for Solana blockchain
Build secure, performant and scalable infrastructure and applications
Contribute to open-source projects and communities
‚úÖ What we expect

Strong, hands-on development skills; Rust ü¶Ä and TypeScript are preferred
Details-oriented and problem solver
Self-motivated and productive, with a sense of ownership
Proven passion and knowledge of web3 and blockchain technologies, e.g. Solana, Defi, etc.
Australian resident üá¶üá∫
ü§© Perks

Work on the latest blockchain projects here in Australia and globally
Permanent employee position with a competitive salary
Share in the company's success with our profit-sharing scheme
Annual tech allowance for you to spend on your choice of devices and toys
Intensive training and mentoring in blockchain / Solana technologies
Work from anywhere within Australia
ü§ù Please Provide

The solution for https://github.com/labeleven-dev/memoApplications that do not have the solution will not be considered

An updated resume / CV
Links to GitHub, Twitter, Linkedin or any other relevant account"
20,BGD Labs,"Smart Contract Engineer in BGD
Remote
Full-time: Mid-Senior level
BGD (Bored Ghosts Developing) is a Web3 and DeFi development initiative, with roots in the Aave protocol ecosystem and currently being one of the main technical contributors there.
You will be working with people that did and is doing awesome things like:
Participated in the creation of the Aave protocol, and all the other systems surrounding it.
Migrating Aave V2 Ethereum to Aave v3 Ethereum
Governance proposals‚Äô verification tooling.
Migration aBPT/stkABPT to Balancer v2.
Rescue of funds locked on Aave ecosystem contracts.
Creating Aave Governance v3.
We are looking for an experienced Smart Contract Engineer to join our team and help build-out and scale one of the main DeFi systems (Aave), together with any other idea that BGD comes up with.
The ideal candidate should have experience with the Ethereum (or any other EVM-based) smart contracts platform, ideally having participated on a production-grade DeFi application on the Solidity side. The ideal candidate is excited to help build a quality foundation, drive key decisions early on, and set up the product for long term success.
Responsibilities and Duties:
Design/implement secure and reliable apps in Solidity.
Writing good documentation and giving development support to a DeFi community.
Internal quality control and audit of smart contracts.
Work with smart contract engineers to design and implement a functional user-friendly experience with Web3 technologies.
Collaborate with frontend, backend, and other smart contract engineers.
Help identify friction points and implement solutions to improve potential bottlenecks in the development process.
Requirements:
1.5+ years of relevant experience as a Smart Contract Developer (Solidity or Vyper).
Passion for the DeFi and Web3 fields.
Knowledge and experience of test-driven development.
Familiar with the common Smart Contract vulnerabilities.
Experience with web3.js or ethers.js, and developing DeFi applications.
Exceptional strategic thinking and creative problem-solving skills with a strong analytical mindset.
A deep understanding of the architecture of modern Web3 applications and backends.
English language fluency.
Able to make informed decisions that require a quick turnaround.
Able to quickly understand and synthesize complex and nuanced technical information into big-picture, actionable insights.
Benefits:
Salary range: ‚Ç¨100-150k per year
Remote work and flexible working hours
20 days paid holiday
Front seat into position on working with decentralized financial technologies
Guaranteed innovation-driven work environment
If you are interested in this offer, please send us your CV and a cover letter to [email¬†protected]
BGD Labs focuses on Technology, Blockchains, and Fin Tech. Their company has offices in Dubai and Europe. They have a small team that's between 1-10 employees.
You can view their website at https://bgdlabs.com/"
21,Coinpoker,"Developed by an ambitious team of poker lovers, CoinPoker is a revolutionary blockchain technology-based poker platform that uses stablecoin as the main ingame currency and CHP as bonusing fuel, offering all benefits of the crypto world alongside.¬†¬†Job Summary:¬†¬†Coinpoker is seeking an experienced Ethereum Smart Contract Solidity Developer who can architect, design and integrate web3 features and functions into existing desktop and mobile applications. You will work in an Agile development environment and produce robust deliverables on aggressive timelines. To be successful in this role, you should demonstrate passion for blockchain, have strong software engineering and development skills and the ability to communicate well.¬†¬†¬†Responsibilities:
¬†¬†
Working with CTO and product team to define new web3 features/functions.
Architecting, designing and implementing smart contracts.
Deploying and testing smart contracts on an Ethereum testnet and deploying production ready contracts on Ethereum mainnet.
Collaborating closely with development team to integrate and test web3 features into existing platform.¬†¬†
¬†Job Requirements:¬†¬†
Bachelor‚Äôs/Master‚Äôs degree in Engineering, Computer Science (or equivalent experience)
Experience in integrating smart contracts to an application frontend
Must have experience in Smart Contracts and Solidity
Comprehensive knowledge of other chains is a plus¬†
Experience in De-Fi primitives including tokens and staking
Fluency in verbal and written English
Prolific ability to adapt to changes
Ability to work within stringent deadlines
¬†¬†Compensation:¬†Compensation will be very competitive. Paid in USDT/USDC plus vested CHP tokens."
22,Bridge Network,"Our goal at Bridge network is to build a cross-chain super dApp to enable seamless transactions between blockchain ecosystems. The bridge tool kit is made up of 6 main tools; a NFT bridge, a token bridge, a cross-chain trading platform, cross-chain farming platform, a multi-chain explorer and a token wrapper for any existing token to go cross-cain. The goal of building a cross-chain hub is to provide a frictionless and trustless environment for users to transact without the hassle of switching between protocols to complete what should be simple transactions. Bridge Network introduces a unique experience to the multichain world with a scalable, secure and robust infrastructure to simplify the complexities behind moving cross-chain.
Responsibilities:
Establish a clean and efficient development, test, and production environment.
Deliver secure, high quality smart contracts in Solidity.
Write and implement test suites covering the full range of code functionality.
Collaborate with the team to define architecture, quality standards, and best practices.
Diligently document all aspects of open-source contributions.
Create unique solutions to dApp-specific user experience challenges.
Build cutting-edge scalability solutions across all EVM chains.
Requirements
The ideal candidate will have:
2+ years of experience developing in Solidity or in Web3 - you MUST be able to demonstrate this with public repositories or contracts. No other applications will be considered.
A passion for cryptocurrencies and other peer-to-peer technologies.
Benefits:
Attractive base salary
Equity in token allocation
Option to work from the beautifil island of Barbados
Work from anywhere in the world
Work with a diverse culture and likeminded crypto enthusiasts
Bridge Network focuses on Blockchain / Cryptocurrency. Their company has offices in India, Russia, Singapore, United States, and Nigeria. They have a small team that's between 11-50 employees.
You can view their website at https://www.bridgenetwork.info/"
23,Earning.Farm,"We are looking for an ambitious full-stack web3 dApp engineer who have full stack development experience to join our team.
We are looking for:
Passionate about DeFi,
Has full-stack development experience on EVM based project, from User interface to smart contract development, and middleware or database related development.
Serious about system security and always think from an architect's point of view,
Bonus if you also have deep DeFi user experience and insight,
Develop high-quality React applications that are highly reliable and maintainable
Collaborate with designers and other developers to ship products on schedule
Collaborate with internal stakeholders to build dashboards for monitoring key application metrics
Working at Earning.Farm:
Fast moving, challenging unique business problems,
Working with a combination of engineers and experts,
Full time & Remote, high responsibilities,
Contribution to open source and involved in a growing development DAO
Earning.Farm focuses on Blockchain / Cryptocurrency. Their company has offices in Singapore. They have a small team that's between 1-10 employees.
You can view their website at https://earning.farm"
24,NFTBooking,"NFTBooking project is working on developing the first NFT marketplace platform dedicated entirely to tourism where hotels, travel companies, and accommodation owners can sell their services.
Our first goal from now is to release an NFT collection that will grant benefits like stand-alone passive income and platform related, plus utilities like an airport lounge and private concierge for travellers.
About the open positions:
We strongly suggest to have enough capital to cover your expenses for about 45 days. Time needed for releasing the collection and start paying everybody; Benefits listed below.
ROLE NEEDED:
Smart contract developer 40+ hours a week
What do you receive as a Smart contract developer:
Contract
wage TBD
company shares
NFts and whitelists
cashout from collection (paid in real time)
access to trade show and conferences (fly ticket and room paid)
Remote office available (room in Villa in Bali available for free)
BE AWARE
All of this begins from after the first collection sells out.
NFTBooking focuses on Online Travel, Travel & Tourism, and Blockchain / Cryptocurrency. Their company has offices in Canada, Norway, Italy, Panama, and El Salvador. They have a small team that's between 11-50 employees.
You can view their website at https://book.nftbooking.eu/"
25,Chain,"Chain is looking for a Smart Contract Auditor to join our Blockchain Team.
¬†
Chain is an award-winning technology company that specializes in blockchain related services and software with production ready products in the market.
¬†
The Security Smart Contract Auditor will review security of the various smart contracts and protocols within the DeFi ecosystem as well as provide insights in establishing best practices for security culture within the industry. This role will contribute to how security is defined when building decentralized software."
26,Autonomous,"About MyConstant
We are a multi-market P2P investment platform headquartered in the US. We offer a range of investment products including crypto-backed lending, consumer and business lending, and exchange financing, to suit every financial goal and risk appetite. We also help crypto-holders unlock the value of their crypto without needing to sell.
As one of the fastest-growing P2P investment platforms in the US, we‚Äôve matched over $35M in loan volume since its launch in 2019. We‚Äôve garnered 250+ five-star Trustpilot reviews and were featured in Forbes, Entrepreneur, and Inc Magazine.
The Job
Our new and upcoming products:
Lending NFT: Myconstant will be a place where users can get a loan on their NFTs and offer loans to borrowers against their NFTs. In other words, users can use their NFTs as collateral to get loans from other users on the decentralized and peer-to-peer system.
NFT Gaming marketplace: where we are aiming to be the single portal/marketplace to sell the most distinguished items from best performing P2E projects. Additionally, the users will have the option to only pay 80% of the price upfront and convert the 20% rest to installments with 0% interest for 30 days.
As long as you're curious about new technologies, always learning and improving yourself, and interested in solving hard problems ‚Äî Myconstant is your home. You'll have a lot of fun being here and enjoy being part of our teamwork-based culture and family-like atmosphere.
‚úÖ The scope of work includes:
Participate in blockchain development projects (DeFi applications and new NFT project)
Research, develop and maintain the smart contract components of our stack.
Discover, develop and implement best practices in our smart contract design and architecture.
Help build, test, and implement smart contracts.
Participate in the research and development of our new products and cooperate with engineering teams to implement software interfaces and functions.
‚úÖ The ideal candidate would have these experiences and skills:
At least 1-year experience in developing blockchain Dapp, smart contract, Web3.
Prior experience in Solidity or other smart contract programming languages.
Previous experience working with smart contracts and blockchain design paradigms.
Experience using tools for smart contract development such as truffle, metamask, web3js ...
Nice to have:
Experience in Defi project development (preferred)
Familiarity with peer to peer networks is a plus
üíØ Team Culture Requirements
Willingness to constantly learn new tools, and technologies.
You must be a fast and thorough learner, capable of systematically inquiring into new technologies and their foundations. Think and rethink, from the ground up.
Able to constantly challenge yourself to stay on top of your game and upgrade yourself every day.
üî• Benefits
Competitive salary package
Dynamic working environment
Daily light breakfast, healthy lunch & hearty dinner (if any)
Unlimited sick leave, official holidays, and at least 12 paid days off per year
Full medical and dental coverage for you and 50% for your family
Powerful laptop, monitor, standing desk, and any accessories you need to do your best work
Free access to a wide variety of online courses
Autonomous focuses on Enterprise Software, Business Productivity, Office Space, Hardware + Software, and Furniture. Their company has offices in New York City, California, United States, and Ho Chi Minh City. They have a mid-size team that's between 51-200 employees.
You can view their website at http://autonomous.ai or find them on Twitter, Facebook, LinkedIn, and Product Hunt."
27,Braintrust,"JOB TYPE: Contract to Hire Position (no agencies/C2C - see notes below)
LOCATION: Remote ¬†United States and Canada only¬†(TimeZone:Work anytime)
HOURLY RANGE: Our client is looking to pay $90-$120/hr
ESTIMATED DURATION: 40hr/week - Long-term
THE OPPORTUNITY
Requirements
*Please attach resume
*Contract to hire or direct hire only¬†
**US and Canada only
What you‚Äôll be working on
BUILDING THE POSSIBILITIES.¬†
Our client is looking for a Lead Smart Contract Engineer in the Blockchain Division to be part of one of our multidisciplinary teams where you‚Äôll work closely with designers, product managers, data analysts, and other engineering teams. You‚Äôll be a creative contributor to our processes and decision-making so They can build and expand our blockchain infrastructure to ensure the scalability and availability of the entire platform. They‚Äôre constantly growing and forming new teams. Sound good to you? Join us.
WHAT YOU‚ÄôLL DO AS A LEAD SMART CONTRACT ENGINEER:
Design, develop and improve the company‚Äôs dApps and blockchain infrastructure for different products and services to tap into.¬†
Contribute to agility and scalability of not just the codes but the team and engineering practices. The blockchain platform needs to efficiently support other engineering teams who roll out products and they are always looking for ways to improve our best-practices, streamline our development process, and improve team synergy!¬†
Research and stay current with the state-of-art of blockchain technologies.
Review codes and merge requests by junior developers, offering constructive feedback to the team.¬†
Ensure the wellness of our production dApps and related services, reporting bugs and issues immediately upon discovery and always look for ways to optimize tech stack and improve security.
Be active and connected in the bigger blockchain community (in a responsible way) and bring new solutions and ideas to the team!
Define security standards and procedures; educate other team members.
Provide technical leadership in the area of blockchain technology.
They‚Äôre constantly growing and forming new teams; you will have the opportunity to lead as an engineer or transition into a manager role.¬†
WHAT SKILLS YOU WILL USE:
3+ years of smart contract development experience in Solidity (experience in other smart contract languages is an asset).¬†
Strong knowledge of design principles both specific to smart contract (like factory pattern, proxy design) or more generic like OOP, functional programming, REST.¬†
Experience in Solidity, OpenZeppelin standards, Web3, Truffle/Hardhat, the Graph, NodeJS, AWS, MySQL/Postgres, MongoDB/NoSQL.¬†
Experience in leading a team in completion of projects with agile methodologies.
Experience in smart contract auditing is a strong asset.
Familiar with cryptography and encryption methods. Experience with enterprise level key management solutions or projects is a strong asset.
Ability to grow yourself and other engineers through code reviews, design reviews, and screenshare/peer debugging.
This position is remote except that it may not be performed in Colorado.
LI-AA
WHO ARE OUR CLIENT A GOOD FIT FOR?¬†
They love working with talented people but more than that, they seek out compassionate co-workers with a collaborative spirit. Their work moves quickly and They‚Äôre great at coming together to find creative solutions to some of tech‚Äôs most interesting problems. If that sounds good to you, join us.¬†
Apply Now!"
28,Syndica,"At Syndica, big things happen. Every day, we‚Äôre translating vision into reality by tackling new and exciting challenges head-on. This is a breakthrough stage in our company, and you‚Äôll experience firsthand the infectious enthusiasm of our employees and leadership team. You‚Äôll have the opportunity to learn new skills, grow your career, and work with the smartest, most passionate people in crypto.
This role will have the primary accountability of designing, implementing, and operating Solidity smart contracts on Solana... Yes, you read that right! Have you looked into¬†Neon EVM? ¬†Solidity smart contract development experience is a necessity!¬†The team operates with a ‚Äúrun what you write‚Äù philosophy and each engineer is responsible for deploying and operating the code they write.
Responsibilities
Drive high-level decisions about architecture and features
Design, implement, test, and audit protocol upgrades and additions
Collaborate with full-stack and front-end developers to bring products to life
Adopt code quality processes to ensure the readability, best practices and maintainability of solidity smart contracts
Test smart contracts in¬†¬†and¬†¬†environments
Collaborate with other engineers to implement operational solutions while defining and adhering to industry best practices
Qualifications
Proven experience interacting with the EVM and writing high-quality, well-tested Solidity
Deep understanding of EVM, Solidity, and JavaScript
Knowledgeable about smart contract security and best practices
Experienced user of Hardhat/Truffle and Ethers.js/web3.js
Experienced user of Git version control system
Passionate about DeFi and knowledgeable about industry trends
Understanding of tokenomics and governance design
Experience working in a highly distributed company is a plus
Align a portion of your day with the business hours of Central Time Zone - UTC -6
Working knowledge of information security issues
Systematic problem-solving approach, combined with a strong sense of ownership and drive
Firm grasp of at least one modern programming language, beyond advanced scripting (Shell or Python)
Experience writing automation tools & eagerness to ""automate all the things""
What does success in this role look like?
In three months, you have become our go-to Solidity developer working on important smart contracts/programs delivering quality and thoroughly tested code. You‚Äôll have taken on independent code review responsibilities and are collaborating on the design of new instructions/upgrades.
In six months, you have earned the trust of the team and are delivering tasks through the entire SDLC, from design through development with minimal guidance, and are helping to effectively mentor new engineers joining the team
In twelve months, you have established a cadence of predictable, on-time delivery without cutting corners"
29,Burnt Finance,"Burnt Finance is building the decentralized future for Web3 assets. For the first time, users are able to auction, mint, and trade NFTs in an entirely permissionless ecosystem. We are proud to be supported by amazing investors such as Animoca Brands, Multicoin Capital, Alameda Research, and so many more. If you‚Äôre looking to join a fast paced, problem solving environment in the center of blockchain infrastructure, NFTs, and decentralized applications, please apply!You will help build groundbreaking decentralized applications from the ground up, which will become a critical piece of architecture for the next stage of Web3 and crypto adoption.
Responsibilities:

Develop decentralized web3 infrastructure and applications
Support front-end applications and user experience
Participate in and own choices of engineering methodologies, tools and organization
Work autonomously within a high-performing team

Requirements:

4+ years of professional experience
Proven ability to write high-quality, well-tested code
Highly autonomous, strong communication and collaboration within team
Understanding of API design & implementation
Good understanding of git and continuous integration tools
Ability to take responsibility for projects and the willingness to learn and grow professionally in a team environment

Our Tech Stack:


Web: HTML, Javascript, Typescript, React, NextJS, CSS, Sass, Web3/Cosmjs

Backend: NodeJS, Typescript, GraphQL, Postgres

Web3 Platform: Cosmos-SDK (Golang), CosmWasm (Rust)

Infrastructure: AWS
As we are still a lean engineering team, we are looking for engineers willing to take on multiple roles. When applying, please include which of the following skillsets you believe you would be able to bring to the table most rapidly:1. Typescript + React2. Smart contract development3. Web3/Cosmjs4. OtherBenefits of working at Burnt Finance include competitive compensation, unlimited PTO, medical, dental, and vision insurance, company off-sites and more!Burnt Finance is proud to foster an inclusive environment that is free from discrimination. We strongly believe in order to build the best products, we need a diversity of perspectives and backgrounds. This leads to a more delightful experience for our users and team members. We value listening to every voice and we encourage everyone to come be a part of building a company and products we love."
30,Chain,"Chain is looking for a Smart Contract Auditor to join our Blockchain Team.
¬†
Chain is an award-winning technology company that specializes in blockchain related services and software with production ready products in the market.
¬†
The Security Smart Contract Auditor will review security of the various smart contracts and protocols within the DeFi ecosystem as well as provide insights in establishing best practices for security culture within the industry. This role will contribute to how security is defined when building decentralized software."
31,SW7 Group,"We seek a Solidity programmer with significant experience in auditing smart contracts. The successful applicant will bring a strong understanding of common contract exploits and how to protect against them, particularly in relation to ERC-20 tokens, upgradeable proxies, and role-based access control mechanisms.
SW7 Group focuses on Finance Technology. Their company has offices in Hong Kong and London. They have a small team that's between 11-50 employees.
You can view their website at http://www.sw7group.com"
32,Parity Technologies,"Parity Technologies builds core infrastructure for blockchains and Web 3.0 technologies. We strive to write the fastest, lightest, and safest core technology in Blockchain and write lots of open-source code.Parity works in a very flat hierarchy with lots of autonomy and high levels of personal responsibility, and we try to mimic an open-source workflow in much of what we do. We¬†have an older article on our blog¬†about our development practices which you may want to read.
You will be joining the Smart Contracts team, which builds core products like the ink! smart contract language or the contracts module in Substrate FRAME, but also dApps and frontend libraries to support the core projects and facilitate adoption.The role is about developing and maintaining end-to-end tooling in Typescript for our users - developers building smart contracts or smart contract chains. Our stack consists of Typescript, React, React-Redux, Rust, Docker, Cypress, Netlify, AWS, GCP
About you:
Make sure our browser-based smart contract tooling is up to date with the latest changes in Substrate and ink! and on track with the product roadmap
Collaborate with the DevOps team to ensure the availability and scaling of our apps
Actively participate in planning, suggest and drive new features and projects by identifying and interviewing stakeholders, outlining project requirements and coordinating with other teams on delivering code.
Able to deliver without any supervisory role giving you precise step-by-step instructions.
Adhere to software engineering best practices and approaches and apply them in code reviews
Technical requirements
Well versed with Typescript on the frontend and backend
Complex state management with React
Production experience with Docker and cloud services providers
Good knowledge of the blockchain space is a plus, but not a must!
Benefits¬†
Working at Parity means focusing on the stuff that counts: building the most cutting-edge technology for the future web. Our teams enjoy a high degree of trust, freedom, and autonomy to achieve that goal.
You will understand blockchain technology and business development and have a skill set transferable to many jobs.
Because we value initiative and learning, we've defined a generous personal budget to attend conferences or skills courses of your choosing. We think you know what's best for you!
Parity is a diverse company with people from various countries, and we will support you with German or English language courses where needed.
Not all of us who collaborate work in the same place. Bringing the team together is something we value greatly, so we regularly go on team retreats.
¬†
Not a perfect match to our requirements? We're happy to receive your application anyways and hear how you think you can help us achieve our mission.
To see how we use your data please see our¬†Applicant Notice."
33,Tokemak,"Tokemak (tokemak.xyz) is a novel Web3 protocol designed to generate deep, sustainable liquidity for DeFi and future tokenized applications that will arise throughout the growth and evolution of Web3.Job Description:
We are looking for a Web3 Full-Stack developer who will be responsible for designing, implementing, and supporting Tokemak‚Äôs public API and SDK. Your primary responsibility will be to spearhead the development of Tokemak‚Äôs public API and documentation and to ensure we have a world class developer experience for users of our API.
Our ideal candidate is:
Security minded
A team player
Adaptable/flexible: enjoys doing work that requires frequent shifts in direction
Achievement-oriented: enjoys taking on challenges, even if they might fail
Innovative: prefers working in unconventional ways or on tasks that require creativity
Independent, organized, and accountable
Responsibilities:
Design, develop, maintain support and document the Tokemak API and SDK
Brainstorm and help evaluate applications for new tools and technologies as they continually evolve
Maintain and extend current API and be responsible for integration and business logic
Be involved in the global blockchain community‚Äîwork on implementing and integrating the latest improvement proposals
Manage developer relations and developer support for projects that use the Tokemak API
Build comprehensive documentation, examples and tutorials for the Tokemak API
Skills:
Strong software development background (5+ years of experience)
Experience working with open-source projects
Strong knowledge of common algorithms and data structures
Experience with web3
Strong API and SDK design experience
Extensive experience with Node.js, JavaScript, and other modern web development technologies
Familiarity with Solidity or Rust"
34,Zama,"Zama's mission is to safeguard privacy by making the internet encrypted end-to-end. Zama‚Äôs products help web2 and web3 developers build private-by-design applications using homomorphic encryption (FHE), without having to learn cryptography.Zama was founded by Pascal Paillier, a pioneer in FHE, and Rand Hindi, a serial privacy entrepreneur, and has a team of veteran cryptographers, including Nigel Smart, Marc Joye, Ilaria Chillotti and others.As part of our efforts bringing privacy to web3, we are building a homomorphic blockchain protocol that enables private smart contracts, where computation happens on-chain on encrypted shared states.¬†**Role Description**We‚Äôre looking for a Blockchain Engineer with a strong background in Layer 1 or Layer 2 blockchain protocols, capable of designing and implementing new PoS protocols that are taylored to the particularities of using homomorphic encryption. You will be working alongside a team of cryptographers, protocol designers, and full-stack engineers to design, implement and launch Zama‚Äôs homomorphic blockchain.Your job as a Blockchain Engineer will be to:- Develop and maintain the Zama blockchain.- Take part in architecture discussions.- Develop our blockchain ecosystem and work closely with partnering protocols.He / She / They should have:- Strong experience building blockchain protocols- Strong understanding of various consensus schemes (PoW, PoS, ..)- Passionate about open source and blockchain- Be a friendly team player- Be obsessed with making things that actually work for usersWe are a full remote company but you should ideally be in an European time zone.Our process is described in detail here: https://www.zama.ai/post/how-we-hire-at-zamaZama values and promotes diversity. We give everyone a fair chance to be evaluated on their mix of professional, academic, and personal skills. Our aim is to make the hiring process as pleasant, stress-free, and friendly as possible, even if the process is longer and more involved than you might find elsewhere."
